{
  "variable": "PM 2.5",
  "orden": "(1, 0, 1)",
  "orden_estacional": "(1, 1, 1, 12)",
  "aic": 7449.344111984017,
  "ecuacion": "Δ^d Δ_s^D y_t = 0.5703·y_t-1 + 0.1223·ε_t-1 + -0.7085·y_t-12 + -1.0000·ε_t-12 + ε_t",
  "fecha_entrenamiento": "2026-02-04 17:16:17",
  "parametros": {
    "ar.L1": 0.5703165801502009,
    "ma.L1": 0.1223362960680048,
    "ar.S.L12": -0.7084579313287632,
    "ma.S.L12": -1.0000049567851528,
    "sigma2": 2.833409167215852
  },
  "num_observaciones": 2067,
  "log_likelihood": -3719.6720559920086,
  "bic": 7477.450087798066,
  "hqic": 7459.6534440131445
}