{
  "variable": "Temperature",
  "orden": "(1, 0, 1)",
  "orden_estacional": "(1, 1, 1, 12)",
  "aic": -2166.798276836579,
  "ecuacion": "Δ^d Δ_s^D y_t = 0.6485·y_t-1 + 0.1689·ε_t-1 + -0.9926·y_t-12 + -0.0145·ε_t-12 + ε_t",
  "fecha_entrenamiento": "2026-02-04 18:32:14",
  "parametros": {
    "ar.L1": 0.6485267307301545,
    "ma.L1": 0.16885893684655665,
    "ar.S.L12": -0.9925573036297399,
    "ma.S.L12": -0.014477495201090679,
    "sigma2": 0.019889326663804954
  },
  "num_observaciones": 2042,
  "log_likelihood": 1088.3991384182896,
  "bic": -2138.7539236906227,
  "hqic": -2156.5051292894855
}