{
  "variable": "PM 10",
  "orden": "(1, 0, 1)",
  "orden_estacional": "(1, 1, 1, 12)",
  "aic": 8198.09500473654,
  "ecuacion": "Δ^d Δ_s^D y_t = 0.5611·y_t-1 + 0.0487·ε_t-1 + -0.7105·y_t-12 + -1.0000·ε_t-12 + ε_t",
  "fecha_entrenamiento": "2026-02-04 16:48:40",
  "parametros": {
    "ar.L1": 0.5610849332089402,
    "ma.L1": 0.0486846217518443,
    "ar.S.L12": -0.7104786495765426,
    "ma.S.L12": -1.000004533214299,
    "sigma2": 4.20141474183598
  },
  "num_observaciones": 2067,
  "log_likelihood": -4094.0475023682707,
  "bic": 8226.200980550591,
  "hqic": 8208.404336765669
}