{
  "variable": "Humidity",
  "orden": "(1, 0, 1)",
  "orden_estacional": "(1, 1, 1, 12)",
  "aic": 3269.6530419179126,
  "ecuacion": "Δ^d Δ_s^D y_t = 0.8030·y_t-1 + 0.1770·ε_t-1 + -0.9198·y_t-12 + -0.3828·ε_t-12 + ε_t",
  "fecha_entrenamiento": "2026-02-04 18:33:08",
  "parametros": {
    "ar.L1": 0.8029709127225897,
    "ma.L1": 0.17698522401351982,
    "ar.S.L12": -0.9197740271564495,
    "ma.S.L12": -0.38284421016402553,
    "sigma2": 0.29468116323976484
  },
  "num_observaciones": 2042,
  "log_likelihood": -1629.8265209589563,
  "bic": 3297.697395063869,
  "hqic": 3279.9461894650062
}