{
  "variable": "PM 10",
  "orden": "(1, 0, 1)",
  "orden_estacional": "(1, 1, 1, 12)",
  "aic": 8593.168317943782,
  "ecuacion": "Δ^d Δ_s^D y_t = 0.5601·y_t-1 + 0.0533·ε_t-1 + -0.7183·y_t-12 + -1.0000·ε_t-12 + ε_t",
  "fecha_entrenamiento": "2026-02-04 18:35:05",
  "parametros": {
    "ar.L1": 0.5601403396790973,
    "ma.L1": 0.05329668583034896,
    "ar.S.L12": -0.718329490923996,
    "ma.S.L12": -1.0000041258571104,
    "sigma2": 4.020566988317014
  },
  "num_observaciones": 2042,
  "log_likelihood": -4291.584158971891,
  "bic": 8621.21267108974,
  "hqic": 8603.461465490876
}