{
  "variable": "Temperature",
  "orden": "(1, 0, 1)",
  "orden_estacional": "(1, 1, 1, 12)",
  "aic": -2270.1020996574957,
  "ecuacion": "Δ^d Δ_s^D y_t = 0.7313·y_t-1 + -0.0104·ε_t-1 + -0.9943·y_t-12 + -0.0471·ε_t-12 + ε_t",
  "fecha_entrenamiento": "2026-02-04 22:28:56",
  "parametros": {
    "ar.L1": 0.731342990809096,
    "ma.L1": -0.01042132113715158,
    "ar.S.L12": -0.9943178414026501,
    "ma.S.L12": -0.047054877682026354,
    "sigma2": 0.016872296220287103
  },
  "num_observaciones": 2067,
  "log_likelihood": 1140.0510498287479,
  "bic": -2241.9961238434466,
  "hqic": -2259.792767628369
}