{
  "variable": "Humidity",
  "orden": "(1, 0, 1)",
  "orden_estacional": "(1, 1, 1, 12)",
  "aic": 3121.14001641862,
  "ecuacion": "Δ^d Δ_s^D y_t = 0.8263·y_t-1 + 0.1383·ε_t-1 + -0.9163·y_t-12 + -0.4249·ε_t-12 + ε_t",
  "fecha_entrenamiento": "2026-02-04 16:46:16",
  "parametros": {
    "ar.L1": 0.8262538780918341,
    "ma.L1": 0.13828648214361955,
    "ar.S.L12": -0.9162817829838915,
    "ma.S.L12": -0.4249213074479732,
    "sigma2": 0.2907978274607635
  },
  "num_observaciones": 2067,
  "log_likelihood": -1555.57000820931,
  "bic": 3149.245992232669,
  "hqic": 3131.4493484477466
}