{
  "variable": "PM 2.5",
  "orden": "(1, 1, 1)",
  "orden_estacional": "(1, 1, 1, 12)",
  "aic": 7821.037449073274,
  "ecuacion": "Δ^d Δ_s^D y_t = 0.5845·y_t-1 + -0.9380·ε_t-1 + -0.7481·y_t-12 + -1.0000·ε_t-12 + ε_t",
  "fecha_entrenamiento": "2026-02-04 18:34:00",
  "parametros": {
    "ar.L1": 0.5844783953739623,
    "ma.L1": -0.9380136773770343,
    "ar.S.L12": -0.748138370363392,
    "ma.S.L12": -1.0000044715046283,
    "sigma2": 2.7379897288030834
  },
  "num_observaciones": 2042,
  "log_likelihood": -3905.518724536637,
  "bic": 7849.079321445178,
  "hqic": 7831.329944524923
}